<?xml version="1.0" encoding="UTF-8"?>
<!--

    DO NOT ALTER OR REMOVE COPYRIGHT NOTICES OR THIS HEADER.

    Copyright (c) 2010 Oracle and/or its affiliates. All rights reserved.

    The contents of this file are subject to the terms of either the GNU
    General Public License Version 2 only ("GPL") or the Common Development
    and Distribution License("CDDL") (collectively, the "License").  You
    may not use this file except in compliance with the License.  You can
    obtain a copy of the License at
    https://glassfish.dev.java.net/public/CDDL+GPL_1_1.html
    or packager/legal/LICENSE.txt.  See the License for the specific
    language governing permissions and limitations under the License.

    When distributing the software, include this License Header Notice in each
    file and include the License file at packager/legal/LICENSE.txt.

    GPL Classpath Exception:
    Oracle designates this particular file as subject to the "Classpath"
    exception as provided by Oracle in the GPL Version 2 section of the License
    file that accompanied this code.

    Modifications:
    If applicable, add the following below the License Header, with the fields
    enclosed by brackets [] replaced by your own identifying information:
    "Portions Copyright [year] [name of copyright owner]"

    Contributor(s):
    If you wish your version of this file to be governed by only the CDDL or
    only the GPL Version 2, indicate your decision by adding "[Contributor]
    elects to include this software in this distribution under the [CDDL or GPL
    Version 2] license."  If you don't indicate a single choice of license, a
    recipient has the option to distribute your version of this file under
    either the CDDL, the GPL Version 2 or to extend the choice of license to
    its licensees as provided above.  However, if you add GPL Version 2 code
    and therefore, elected the GPL Version 2 license, then the option applies
    only if the new code is made subject to such option by the copyright
    holder.

-->

<!--
*** GENERATED FROM project.xml - DO NOT EDIT  ***
***         EDIT ../build.xml INSTEAD         ***

For the purpose of easier reading the script
is divided into following sections:

  - initialization
  - profiling
  - applet profiling

-->
<project name="-profiler-impl" default="profile" basedir="..">
    <target name="default" depends="profile" description="Build and profile the project."/>
    <!--
    ======================
    INITIALIZATION SECTION
    ======================
    -->
    <target name="profile-init" depends="-profile-pre-init, init, -profile-post-init, -profile-init-macrodef-profile, -profile-init-check"/>
    <target name="-profile-pre-init">
        <!-- Empty placeholder for easier customization. -->
        <!-- You can override this target in the ../build.xml file. -->
    </target>
    <target name="-profile-post-init">
        <!-- Empty placeholder for easier customization. -->
        <!-- You can override this target in the ../build.xml file. -->
    </target>
    <target name="-profile-init-macrodef-profile">
        <macrodef name="resolve">
            <attribute name="name"/>
            <attribute name="value"/>
            <sequential>
                <property name="@{name}" value="${env.@{value}}"/>
            </sequential>
        </macrodef>
        <macrodef name="profile">
            <attribute name="classname" default="${main.class}"/>
            <element name="customize" optional="true"/>
            <sequential>
                <property environment="env"/>
                <resolve name="profiler.current.path" value="${profiler.info.pathvar}"/>
                <java fork="true" classname="@{classname}" dir="${profiler.info.dir}" jvm="${profiler.info.jvm}">
                    <jvmarg value="${profiler.info.jvmargs.agent}"/>
                    <jvmarg line="${profiler.info.jvmargs}"/>
                    <env key="${profiler.info.pathvar}" path="${profiler.info.agentpath}:${profiler.current.path}"/>
                    <arg line="${application.args}"/>
                    <classpath>
                        <path path="${run.classpath}"/>
                    </classpath>
                    <syspropertyset>
                        <propertyref prefix="run-sys-prop."/>
                        <mapper type="glob" from="run-sys-prop.*" to="*"/>
                    </syspropertyset>
                    <customize/>
                </java>
            </sequential>
        </macrodef>
    </target>
    <target name="-profile-init-check" depends="-profile-pre-init, init, -profile-post-init, -profile-init-macrodef-profile">
        <fail unless="profiler.info.jvm">Must set JVM to use for profiling in profiler.info.jvm</fail>
        <fail unless="profiler.info.jvmargs.agent">Must set profiler agent JVM arguments in profiler.info.jvmargs.agent</fail>
    </target>
    <!--
    =================
    PROFILING SECTION
    =================
    -->
    <target name="profile" if="netbeans.home" depends="profile-init,compile" description="Profile a project in the IDE.">
        <nbprofiledirect>
            <classpath>
                <path path="${run.classpath}"/>
            </classpath>
        </nbprofiledirect>
        <profile/>
    </target>
    <target name="profile-single" if="netbeans.home" depends="profile-init,compile-single" description="Profile a selected class in the IDE.">
        <fail unless="profile.class">Must select one file in the IDE or set profile.class</fail>
        <nbprofiledirect>
            <classpath>
                <path path="${run.classpath}"/>
            </classpath>
        </nbprofiledirect>
        <profile classname="${profile.class}"/>
    </target>
    <!--
    =========================
    APPLET PROFILING  SECTION
    =========================
    -->
    <target name="profile-applet" if="netbeans.home" depends="profile-init,compile-single">
        <nbprofiledirect>
            <classpath>
                <path path="${run.classpath}"/>
            </classpath>
        </nbprofiledirect>
        <profile classname="sun.applet.AppletViewer">
            <customize>
                <arg value="${applet.url}"/>
            </customize>
        </profile>
    </target>
    <!--
    =========================
    TESTS PROFILING  SECTION
    =========================
    -->
    <target name="profile-test-single" if="netbeans.home" depends="profile-init,compile-test-single">
        <nbprofiledirect>
            <classpath>
                <path path="${run.test.classpath}"/>
            </classpath>
        </nbprofiledirect>
        <junit showoutput="true" fork="true" dir="${profiler.info.dir}" jvm="${profiler.info.jvm}" failureproperty="tests.failed" errorproperty="tests.failed">
            <env key="${profiler.info.pathvar}" path="${profiler.info.agentpath}:${profiler.current.path}"/>
            <jvmarg value="${profiler.info.jvmargs.agent}"/>
            <jvmarg line="${profiler.info.jvmargs}"/>
            <test name="${profile.class}"/>
            <classpath>
                <path path="${run.test.classpath}"/>
            </classpath>
            <syspropertyset>
                <propertyref prefix="test-sys-prop."/>
                <mapper type="glob" from="test-sys-prop.*" to="*"/>
            </syspropertyset>
            <formatter type="brief" usefile="false"/>
            <formatter type="xml"/>
        </junit>
    </target>
</project>
